AKST,Max TemperatureF,Mean TemperatureF,Min TemperatureF,Max Dew PointF,MeanDew PointF,Min DewpointF,Max Humidity, Mean Humidity, Min Humidity, Max Sea Level PressureIn, Mean Sea Level PressureIn, Min Sea Level PressureIn, Max VisibilityMiles, Mean VisibilityMiles, Min VisibilityMiles, Max Wind SpeedMPH, Mean Wind SpeedMPH, Max Gust SpeedMPH,PrecipitationIn, CloudCover, Events, WindDirDegrees
1/1/14,46,42,37,40,38,36,97,86,76,29.95,29.77,29.57,10,8,2,25,14,36,0.69,8,Rain,138
2/1/14,41,38,35,38,35,32,97,89,76,30.09,29.9,29.81,10,9,4,14,7,22,0.34,8,Rain,92
3/1/14,39,36,34,38,36,33,100,97,93,30.43,30.32,30.1,10,9,2,8,3,,0.02,7,Rain,102
4/1/14,43,38,34,35,33,31,97,82,62,30.43,30.32,30.2,10,10,10,20,6,25,0,6,Rain,107
5/1/14,44,42,41,42,36,32,97,77,63,30.2,30.02,29.88,10,8,2,26,17,36,0.37,8,Rain,113
6/1/14,44,42,41,43,41,37,100,93,82,30,29.92,29.78,10,8,2,14,6,,0.52,8,Rain,111
7/1/14,44,42,39,41,39,37,100,92,76,29.77,29.71,29.57,10,7,2,21,8,24,0.33,8,Rain,119
8/1/14,44,42,39,40,39,35,100,92,71,29.54,29.27,29.16,10,9,6,14,4,,0.44,8,Rain,4
9/1/14,41,39,37,39,36,33,97,87,73,29.53,29.38,29.17,10,9,5,18,7,14,0.39,8,Rain,269
10/1/14,39,36,30,36,34,30,97,93,79,29.59,29.49,29.12,10,9,4,13,6,,0.24,7,Rain,89
11/1/14,36,32,30,33,32,29,100,95,81,29.33,29.22,29.11,10,6,0,13,3,,0.28,7,Fog-Rain-Snow,92
12/1/14,43,38,34,39,35,31,93,82,68,29.6,29.25,29.07,10,8,2,26,16,37,0.24,8,Rain-Snow,258
13/1/14,48,42,37,46,38,33,93,85,73,30.03,29.82,29.61,10,6,2,31,17,45,1.48,8,Rain,182
14/1/14,48,45,42,46,42,34,100,87,68,30.2,29.68,29.41,10,5,2,29,20,45,3.59,8,Rain,211
15/1/14,48,44,41,41,38,35,93,83,68,30.34,30.26,30.07,10,9,4,16,10,23,0.24,8,Rain,140
16/1/14,51,48,46,44,42,40,93,82,71,30.11,30.04,29.98,10,8,2,25,15,40,0.24,8,Rain,132
17/1/14,55,50,44,43,35,27,96,61,33,30.1,29.84,29.57,10,9,3,25,13,34,0.09,4,Rain,107
18/1/14,48,44,39,44,40,36,97,89,71,30.09,29.86,29.53,10,7,3,17,11,23,0.61,8,Rain,186
19/1/14,45,41,37,38,34,31,93,77,58,30.17,30.14,30.1,10,10,8,16,9,,0.1,7,Rain,108
20/1/14,46,44,41,41,36,34,96,76,65,30.16,30.07,29.96,10,10,8,21,11,26,0.34,7,Rain,103
21/1/14,54,50,46,38,35,32,68,56,43,29.99,29.93,29.87,10,10,10,20,16,25,0,7,Rain,110
22/1/14,54,50,48,49,43,38,89,76,61,30.22,30.12,30.01,10,8,3,26,14,38,1.24,8,Rain,124
23/1/14,55,50,44,49,47,43,96,83,75,30.42,30.32,30.2,10,8,2,23,13,33,0.17,7,Rain,168
24/1/14,48,44,39,42,39,37,96,90,77,30.42,30.35,30.26,10,9,6,10,3,,0,0,,16
25/1/14,46,42,37,41,39,36,100,93,80,30.25,30.2,30.18,10,10,7,5,2,,0,0,,3
26/1/14,46,40,35,39,37,35,100,88,71,30.25,30.1,29.9,10,10,10,9,2,,0,0,,18
27/1/14,55,50,44,42,37,32,90,64,40,30.04,29.96,29.9,10,10,8,15,9,15,0,5,Rain,34
28/1/14,44,42,37,43,41,36,100,95,92,30.16,30.12,30.05,10,7,2,9,3,,0.54,7,Rain,31
29/1/14,43,38,33,37,34,33,100,89,71,30.14,30.08,30.03,10,7,0,14,4,,0,6,Fog,26
30/1/14,42,36,30,35,32,29,96,89,70,30.11,30.08,30.04,10,10,10,5,2,,0,0,,101
31/1/14,37,32,28,32,30,28,96,89,82,30.16,30.12,30.09,10,10,10,9,3,,0,6,Rain,96
1/2/14,39,34,28,31,28,25,96,85,70,30.29,30.22,30.16,10,10,10,6,2,,0,1,,85
2/2/14,42,35,28,25,20,15,85,61,34,30.39,30.33,30.28,10,10,10,8,4,,0,0,,90
3/2/14,37,34,30,16,12,6,54,42,32,30.54,30.48,30.4,10,10,10,13,6,21,0,1,,91
4/2/14,34,30,25,11,6,1,53,37,26,30.62,30.59,30.56,10,10,10,10,7,,0,0,,92
5/2/14,35,29,23,11,6,1,58,39,27,30.6,30.56,30.47,10,10,10,10,5,,0,0,,83
6/2/14,32,26,21,17,12,8,75,56,40,30.45,30.17,29.87,10,10,10,8,4,,0,0,,99
7/2/14,36,30,23,25,20,16,85,70,59,30.07,29.95,29.85,10,10,10,7,4,,0,3,,108
8/2/14,33,27,21,18,15,10,82,61,40,30.15,30.1,30.04,10,10,10,9,4,,0,2,,96
9/2/14,28,26,25,16,8,4,66,46,38,30.03,29.96,29.87,10,10,10,22,11,30,0,4,,102
10/2/14,32,28,21,8,2,-2,51,36,28,29.85,29.64,29.51,10,10,10,17,10,25,0,1,,81
11/2/14,28,24,19,17,11,3,75,57,45,29.7,29.51,29.29,10,10,10,18,8,23,0,1,,63
12/2/14,33,25,18,26,22,12,86,76,63,29.45,29.41,29.35,10,6,0,18,11,22,0,7,Snow,103
13/2/14,36,33,30,32,28,14,100,84,44,29.32,29.26,29.09,10,5,0,23,14,31,0.21,6,Fog-Snow,111
14/2/14,39,36,33,34,33,30,100,89,70,29.29,29.09,28.87,10,7,1,23,10,32,0.66,8,Rain-Snow,55
15/2/14,44,36,28,34,32,25,100,82,63,29.2,28.95,28.81,10,6,0,30,19,51,0.51,8,Fog-Rain-Snow,120
16/2/14,37,34,30,29,27,25,92,79,64,29.22,29.11,29.01,10,8,1,16,9,23,0.04,7,Snow,96
17/2/14,37,34,32,34,31,26,96,83,62,29.31,29.22,29.01,10,8,2,24,10,31,0.02,8,Rain-Snow,103
18/2/14,39,34,28,32,27,23,100,80,53,29.39,29.27,29.15,10,8,1,13,7,,0.09,6,Snow,92
19/2/14,37,32,28,32,29,26,96,86,70,29.66,29.58,29.41,10,7,2,13,4,,0.02,7,Snow,102
20/2/14,35,32,28,32,29,26,96,89,78,30.17,29.89,29.66,10,6,0,21,8,22,0.16,7,Snow,283
21/2/14,37,32,28,28,27,24,96,85,64,30.27,30.22,30.18,10,8,1,9,6,,0.01,7,Snow,84
22/2/14,33,30,28,25,13,4,88,50,33,30.32,30.3,30.27,10,10,10,14,7,21,0,0,,91
23/2/14,37,32,27,19,7,0,59,35,24,30.31,30.17,30.06,10,10,10,10,7,23,0,0,,70
24/2/14,39,31,23,21,14,6,69,50,27,30.14,30.12,30.08,10,10,10,14,5,,0,2,,73
25/2/14,45,38,30,34,26,20,79,63,42,30.12,30.05,29.98,10,10,10,14,6,,0,3,,323
26/2/14,46,40,35,40,36,33,96,85,68,29.96,29.82,29.73,10,10,10,6,2,,0,3,,80
27/2/14,43,38,33,37,34,30,92,82,71,29.93,29.84,29.75,10,10,10,7,3,,0,5,,17
28/2/14,46,40,33,35,29,22,92,68,42,29.94,29.93,29.91,10,10,10,8,3,,0,2,,350
1/3/14,42,35,28,21,13,6,61,42,27,29.96,29.92,29.85,10,10,10,16,5,25,0,0,,90
2/3/14,35,31,26,5,1,-2,36,29,23,29.84,29.79,29.74,10,10,10,15,8,,0,0,,82
3/3/14,30,26,23,5,-1,-5,43,32,26,29.98,29.86,29.78,10,10,10,12,6,,0,1,,86
4/3/14,28,26,25,19,13,6,75,57,43,30.07,30.03,29.97,10,10,8,16,10,,0,8,Snow,106
5/3/14,36,28,21,20,14,7,88,59,30,29.95,29.7,29.54,10,10,10,8,3,,0,0,,358
6/3/14,37,28,19,20,12,6,71,49,30,29.72,29.62,29.53,10,10,10,13,4,,0,0,,130
7/3/14,45,38,32,36,29,16,82,66,52,29.68,29.4,29.17,10,10,5,28,11,37,0.08,8,Rain-Snow,99
8/3/14,45,43,41,41,38,36,93,87,71,29.26,29.15,29.04,10,7,3,22,16,31,1.28,8,Rain,131
9/3/14,41,38,36,38,36,34,100,90,79,29.83,29.54,29.23,10,8,2,16,9,24,0.83,8,Rain,142
10/3/14,46,40,35,38,35,32,100,85,63,29.94,29.86,29.78,10,9,5,31,11,40,0.25,7,Rain,109
11/3/14,45,42,39,45,39,35,100,89,68,29.83,29.72,29.65,10,6,1,18,12,25,1.29,8,Rain,126
12/3/14,44,40,37,37,35,32,96,84,71,30.06,29.91,29.7,10,9,7,20,9,21,0.09,7,Rain,155
13/3/14,45,42,39,34,32,30,82,67,58,30.01,29.72,29.32,10,10,4,20,13,26,0.04,8,Rain,113
14/3/14,44,39,35,40,35,29,93,84,58,29.89,29.64,29.27,10,8,2,17,11,28,0.37,8,Rain-Snow,157
15/3/14,43,39,35,37,33,29,93,80,58,29.85,29.48,29.37,10,9,6,17,8,24,0.32,8,Rain,48
16/3/14,39,36,34,36,30,21,93,79,49,30,29.74,29.45,10,9,5,22,14,,0.12,7,Rain-Snow,317
17/3/14,43,39,35,38,35,28,89,83,76,30.01,29.96,29.88,10,9,4,14,10,,0.22,8,Rain-Snow,130
18/3/14,39,36,34,36,34,31,97,87,73,29.95,29.69,29.54,10,7,2,21,10,,0.55,8,Rain-Snow,343
19/3/14,42,37,32,35,33,30,100,90,70,30.1,29.93,29.82,10,8,2,13,6,,0.1,6,Rain-Snow,112
20/3/14,42,34,28,34,31,28,96,85,67,30.33,30.26,30.12,10,10,10,9,3,,0,2,,212
21/3/14,44,36,30,30,26,21,92,65,47,30.33,30.22,30.13,10,10,10,22,8,29,0,4,,99
22/3/14,45,39,34,26,19,16,60,45,32,30.37,30.26,30.15,10,10,10,14,8,,0,2,,92
23/3/14,44,36,30,17,13,9,54,38,28,30.38,30.32,30.24,10,10,10,16,8,22,0,0,,93
24/3/14,43,40,37,23,11,3,49,30,23,30.22,29.96,29.7,10,10,10,20,12,29,0,6,,76
25/3/14,46,42,37,27,23,20,60,48,42,29.68,29.59,29.51,10,10,10,17,8,24,0,5,,86
26/3/14,44,42,39,26,22,16,58,47,36,29.73,29.65,29.54,10,10,10,13,5,17,0,8,,96
27/3/14,44,40,37,25,20,16,57,45,37,29.76,29.75,29.73,10,10,10,16,8,,0,6,,91
28/3/14,48,38,30,25,20,16,67,49,33,29.76,29.63,29.54,10,10,10,16,4,,0,1,,351
29/3/14,51,42,33,28,22,18,70,48,28,29.69,29.62,29.57,10,10,10,12,4,,0,2,,8
30/3/14,50,42,35,34,28,24,70,60,42,29.99,29.83,29.7,10,10,10,8,3,,0,3,,334
31/3/14,48,42,35,38,33,30,82,72,56,30.07,30.03,29.99,10,10,10,20,4,,0,2,,312
1/4/14,42,38,35,33,32,30,89,80,70,30,29.93,29.89,10,10,10,10,3,,0,7,,167
2/4/14,42,38,33,36,33,32,96,86,70,29.89,29.76,29.68,10,10,7,10,3,,0.08,7,Rain,103
3/4/14,45,38,32,34,32,30,96,78,58,29.75,29.73,29.69,10,10,10,16,4,,0,4,,348
4/4/14,44,37,30,35,30,25,89,71,47,29.72,29.65,29.54,10,10,5,17,6,24,0.08,7,Rain,114
5/4/14,45,42,39,40,37,34,97,87,76,29.75,29.59,29.5,10,8,4,17,9,23,0.59,8,Rain,123
6/4/14,48,42,39,40,37,34,93,79,61,29.88,29.76,29.44,10,9,5,18,8,24,0.16,8,Rain,124
7/4/14,48,44,39,43,40,36,96,88,71,29.48,29.37,29.22,10,4,1,31,18,45,1.15,8,Rain,160
8/4/14,45,41,37,38,36,33,93,83,70,29.77,29.68,29.49,10,9,2,20,11,30,0.28,8,Rain,202
9/4/14,42,38,36,39,36,33,100,87,73,29.81,29.68,29.53,10,8,2,22,8,26,0.47,8,Rain,134
10/4/14,43,40,37,39,35,27,97,83,60,29.83,29.77,29.68,10,8,2,16,5,16,0.07,8,Rain,280
11/4/14,50,40,33,32,28,22,92,62,39,30.32,30.14,29.85,10,10,10,22,12,22,0,0,,338
12/4/14,46,38,30,36,31,27,85,72,53,30.35,30.33,30.3,10,10,10,7,3,,0,1,,190
13/4/14,46,40,35,34,31,28,82,68,52,30.31,30.24,30.09,10,10,10,6,2,,0,6,,239
14/4/14,46,42,39,42,39,33,93,86,73,30.07,29.86,29.79,10,10,8,10,3,,0.1,8,Rain,302
15/4/14,45,44,42,42,40,39,97,89,82,29.93,29.89,29.82,10,9,4,10,3,,0.1,8,Rain,250
16/4/14,53,46,41,40,36,32,96,68,47,29.91,29.69,29.4,10,10,10,14,6,21,0.01,7,,104
17/4/14,48,45,42,42,39,34,92,80,63,29.57,29.39,29.28,10,10,5,12,8,,0.07,8,Rain,312
18/4/14,48,44,39,40,37,30,93,79,48,29.8,29.72,29.59,10,9,4,15,8,,0.38,6,Rain,126
19/4/14,52,49,46,37,32,28,66,52,44,29.57,29.38,29.29,10,10,10,24,17,39,0,6,Rain,102
20/4/14,53,48,44,39,36,33,82,67,50,29.78,29.7,29.43,10,10,9,20,14,30,0.07,8,Rain,121
21/4/14,46,44,37,38,36,34,86,73,61,30.04,29.94,29.78,10,10,10,17,10,24,0,5,Rain,157
22/4/14,50,42,35,40,36,32,92,81,63,29.95,29.8,29.74,10,10,10,22,8,,0,3,,321
23/4/14,46,43,41,39,38,37,93,82,74,29.78,29.75,29.69,10,10,8,12,8,,0,7,,298
24/4/14,50,44,39,39,36,34,89,78,66,29.81,29.71,29.68,10,10,10,20,7,,0,5,,310
25/4/14,50,42,37,39,37,34,89,77,63,29.84,29.77,29.63,10,10,10,12,6,,0,2,,288
26/4/14,53,47,42,38,34,30,82,58,45,29.61,29.47,29.39,10,10,10,21,9,31,0,6,,105
27/4/14,48,46,42,41,39,33,89,76,54,29.73,29.51,29.37,10,10,5,16,11,23,0.04,7,Rain,175
28/4/14,50,46,42,41,38,35,92,77,57,29.91,29.87,29.75,10,10,10,18,6,30,0.01,8,Rain,98
29/4/14,50,46,42,41,38,35,86,75,61,30.29,30.16,29.88,10,10,4,22,14,36,0.19,5,Rain,168
30/4/14,57,47,39,42,38,36,93,71,49,30.38,30.29,30.24,10,10,10,13,2,,0,2,,275
1/5/14,68,54,41,42,34,24,86,53,20,30.38,30.22,30,10,10,10,13,3,22,0,0,,36
2/5/14,71,62,55,31,24,19,40,23,16,29.99,29.97,29.94,10,10,10,17,6,24,0,1,,99
3/5/14,66,57,48,30,20,11,48,25,12,29.99,29.96,29.91,10,10,10,17,5,23,0,0,,69
4/5/14,60,49,41,44,36,25,86,62,44,30,29.97,29.93,10,10,10,10,3,,0,0,,227
5/5/14,51,48,44,43,41,39,86,79,71,30.12,30.04,29.96,10,10,10,18,9,,0,7,,312
6/5/14,51,48,44,40,39,37,82,73,63,30.12,30.08,30,10,10,10,12,7,,0,5,,267
7/5/14,53,48,44,41,37,30,82,65,44,29.99,29.85,29.76,10,10,9,15,4,21,0,7,,247
8/5/14,57,50,44,45,42,39,93,76,53,29.76,29.7,29.67,10,10,9,8,4,,0.05,7,Rain,311
9/5/14,61,52,43,47,44,40,93,76,60,29.99,29.79,29.68,10,10,10,18,4,,0,0,,300
10/5/14,52,50,48,45,44,42,87,82,77,30.23,30.15,30.01,10,10,10,12,7,,0,7,,277
11/5/14,48,47,46,43,42,41,83,80,77,30.29,30.26,30.24,10,10,10,7,3,,0,8,,245
12/5/14,57,51,45,46,44,41,93,73,55,30.27,30.23,30.2,10,10,10,13,5,,0.01,7,Rain,111
13/5/14,59,54,50,52,48,46,89,79,67,30.24,30.17,30.09,10,10,7,18,5,24,0.1,8,Rain,141
14/5/14,52,50,48,48,47,45,93,88,83,30.34,30.22,30.15,10,10,8,10,6,,0.01,8,Rain,241
15/5/14,57,52,48,48,47,44,96,86,67,30.35,30.27,30.13,10,10,8,8,2,,0,5,Rain,232
16/5/14,70,57,46,48,44,40,90,62,42,30.11,29.97,29.88,10,10,10,9,3,,0,0,,211
17/5/14,57,54,50,49,48,46,96,84,72,29.96,29.95,29.89,10,9,2,14,7,,0,6,,261
18/5/14,51,49,48,48,46,44,100,90,80,29.95,29.91,29.81,10,8,1,10,6,,0,8,,218
19/5/14,51,50,46,46,44,41,93,83,71,29.82,29.77,29.72,10,9,3,21,10,30,0.03,8,Rain,180
20/5/14,51,48,45,43,42,40,86,80,74,29.94,29.86,29.82,10,10,6,14,9,20,0.12,8,Rain,150
21/5/14,57,50,44,44,41,37,90,73,55,29.94,29.83,29.72,10,10,10,16,7,,0.04,6,Rain,346
22/5/14,59,49,41,45,42,38,89,74,60,29.73,29.68,29.63,10,10,10,22,6,,0,3,,313
23/5/14,57,50,44,46,43,41,93,77,62,30.06,29.9,29.73,10,10,10,13,5,,0,3,,219
24/5/14,55,50,46,45,43,41,86,78,62,30.1,30.07,30.03,10,10,10,9,3,,0,4,,159
25/5/14,64,54,44,47,41,39,90,65,43,30.02,29.97,29.92,10,10,10,17,5,,0,2,,308
26/5/14,57,51,45,45,43,39,82,71,62,30.23,30.1,29.97,10,10,10,21,10,,0,4,,322
27/5/14,54,52,50,43,41,39,77,70,57,30.33,30.29,30.23,10,10,10,15,10,,0,8,,312
28/5/14,52,50,48,47,44,41,93,80,71,30.3,30.23,30.15,10,9,3,7,4,,0,8,,240
29/5/14,57,52,48,48,47,46,100,88,72,30.19,30.15,30.13,10,8,2,9,2,,0.03,8,Rain,234
30/5/14,53,52,50,49,48,45,92,88,77,30.19,30.13,30.07,10,9,2,15,5,21,0.07,8,Rain,201
31/5/14,53,50,46,50,47,39,100,89,63,30.35,30.2,30.08,10,6,1,16,8,24,0.24,8,Rain,191
1/6/14,55,50,45,45,41,37,93,74,57,30.36,30.33,30.27,10,10,10,16,5,,0,6,,299
2/6/14,55,50,46,46,45,43,93,85,71,30.26,30.22,30.19,10,9,3,20,6,,0.05,8,Rain,286
3/6/14,50,47,44,44,43,41,93,82,74,30.19,30.15,30.14,10,9,4,13,4,,0.14,7,Rain,306
4/6/14,60,51,45,49,45,42,97,86,70,30.3,30.23,30.18,10,8,2,9,2,,0,8,,222
5/6/14,55,50,46,45,44,42,90,77,66,30.29,30.26,30.19,10,10,10,13,4,,0,4,,215
6/6/14,59,52,44,48,44,41,93,74,55,30.18,30.11,30.02,10,10,10,7,3,,0.02,3,Rain,320
7/6/14,55,52,50,53,50,45,97,92,77,30.01,29.96,29.88,10,6,2,15,6,20,0.42,8,Rain,217
8/6/14,54,50,48,48,46,45,93,85,76,29.97,29.88,29.82,10,8,2,17,10,24,0.74,8,Rain,160
9/6/14,57,52,48,49,47,46,97,87,74,30.12,30.06,29.97,10,9,4,12,6,,0.35,8,Rain,148
10/6/14,59,52,48,48,47,45,97,84,64,30.16,30.14,30.12,10,10,5,10,5,,0.01,6,Rain,124
11/6/14,59,51,45,47,45,43,93,75,58,30.12,30.1,30.08,10,10,10,16,5,,0,5,,326
12/6/14,57,54,52,45,44,42,77,68,57,30.09,30.07,30.06,10,10,10,20,11,,0,5,,306
13/6/14,54,50,48,48,45,43,97,81,67,30.07,29.88,29.74,10,8,2,16,7,18,0.29,8,Rain,139
14/6/14,55,50,48,48,46,42,94,86,69,29.78,29.75,29.72,10,8,3,15,9,21,0.57,8,Rain,144
15/6/14,59,52,48,50,47,44,93,81,67,29.95,29.85,29.78,10,10,10,13,7,,0.24,6,Rain,337
16/6/14,59,52,45,49,47,44,97,82,64,30.01,29.99,29.93,10,10,10,12,4,,0,4,Rain,226
17/6/14,57,52,48,51,48,44,97,87,74,29.96,29.84,29.74,10,6,1,20,11,29,0.95,8,Rain,173
18/6/14,55,50,46,46,45,42,93,84,69,30.03,29.98,29.95,10,9,2,13,6,,0.41,7,Rain,117
19/6/14,59,52,44,48,45,42,96,81,57,29.96,29.83,29.7,10,10,7,13,5,,0.12,6,Rain,283
20/6/14,57,52,48,48,46,42,93,85,64,29.94,29.78,29.67,10,9,2,14,5,,0.15,7,Rain,138
21/6/14,60,56,52,46,43,41,75,64,55,29.9,29.84,29.73,10,10,10,17,11,22,0.01,7,Rain,113
22/6/14,57,55,53,53,49,43,97,81,58,29.85,29.78,29.62,10,10,8,21,12,30,0.15,8,Rain,143
23/6/14,57,54,52,55,53,52,100,97,88,29.86,29.83,29.76,10,6,0,7,2,,0.41,8,Fog-Rain,289
24/6/14,54,52,50,54,51,48,100,95,86,30.07,29.93,29.76,10,6,1,20,5,21,0.36,8,Rain,190
25/6/14,55,52,48,49,46,43,93,82,66,30.07,30.03,29.88,10,10,7,15,7,21,0.05,8,Rain,142
26/6/14,59,54,48,49,46,44,93,77,58,29.86,29.69,29.57,10,10,10,10,5,,0,3,,287
27/6/14,64,56,50,49,47,44,86,69,55,29.57,29.55,29.53,10,10,10,10,4,,0,5,,290
28/6/14,66,59,54,53,51,47,90,79,63,29.85,29.71,29.59,10,10,10,9,5,,0,7,,294
29/6/14,63,57,52,55,53,50,96,88,70,30.12,30.01,29.86,10,10,6,13,3,,0.19,7,Rain,228
30/6/14,57,55,53,53,52,50,97,92,83,30.22,30.19,30.12,10,8,2,14,6,16,0.12,8,Rain,216
1/7/14,64,56,50,53,51,48,96,83,58,30.19,30,29.79,10,10,10,7,4,,0,7,,337
2/7/14,71,62,55,55,52,46,96,80,51,29.81,29.75,29.66,10,9,2,13,5,,0.14,7,Rain,327
3/7/14,64,58,53,55,53,51,97,85,72,29.88,29.86,29.81,10,10,8,15,4,,0.01,6,,258
4/7/14,59,56,52,52,51,50,96,88,75,29.91,29.89,29.87,10,9,2,9,2,,0.07,7,Rain,255
5/7/14,69,59,50,52,50,46,96,72,49,29.88,29.82,29.79,10,10,10,13,5,,0,6,,110
6/7/14,62,58,55,51,50,46,80,71,58,30.13,30.07,29.89,10,10,10,20,10,29,0,6,Rain,213
7/7/14,61,57,55,56,53,51,96,87,75,30.1,30.07,30.05,10,9,4,16,4,25,0.14,8,Rain,211
8/7/14,55,54,53,54,53,51,100,94,86,30.1,30.06,30.04,10,6,2,12,5,23,0.84,8,Rain,159
9/7/14,57,55,53,56,54,52,100,96,83,30.24,30.18,30.11,10,7,2,9,5,,0.13,8,Rain,201
10/7/14,61,56,53,53,52,51,100,90,75,30.23,30.17,30.03,10,8,2,8,3,,0.03,8,Rain,215
11/7/14,57,56,54,56,54,51,100,94,84,30.02,30,29.98,10,5,2,12,5,,1.28,8,Rain,250
12/7/14,59,56,55,58,56,55,100,97,93,30.18,30.06,29.99,10,6,2,15,7,26,0.32,8,Rain,275
13/7/14,57,56,55,58,56,55,100,98,94,30.25,30.22,30.18,10,5,1,8,4,,0.29,8,Rain,291
14/7/14,61,58,55,58,56,51,100,94,83,30.24,30.23,30.22,10,7,0,16,4,,0.01,8,Fog,307
15/7/14,64,58,55,53,51,48,93,78,64,30.27,30.25,30.24,10,10,10,17,12,,0,6,,318
16/7/14,61,56,52,51,49,47,89,76,64,30.27,30.23,30.16,10,10,10,15,6,,0,6,,294
17/7/14,59,55,51,52,50,48,93,84,75,30.16,30.04,29.82,10,10,6,9,3,,0.11,7,Rain,232
18/7/14,63,56,51,54,52,50,100,84,67,29.79,29.69,29.65,10,10,7,10,5,,0.05,6,Rain,299
19/7/14,60,57,54,55,53,51,97,88,75,29.91,29.82,29.68,10,9,2,9,2,,0,8,,292
20/7/14,57,55,52,54,52,50,94,89,77,29.92,29.87,29.78,10,8,2,13,4,,0.31,8,Rain,155
21/7/14,69,60,52,53,51,50,97,77,52,29.99,29.88,29.78,10,10,10,13,4,,0,5,,297
22/7/14,63,59,55,56,54,52,90,84,77,30.11,30.04,29.99,10,10,10,9,3,,0,6,Rain,240
23/7/14,62,58,55,54,52,50,87,80,72,30.1,30.03,29.96,10,10,10,8,3,,0,7,,230
24/7/14,59,57,54,54,52,51,94,84,78,29.95,29.91,29.89,10,9,3,17,4,28,0.06,8,Rain,207
25/7/14,57,55,53,55,53,51,100,92,81,29.91,29.87,29.83,10,8,2,13,3,,0.53,8,Rain,141
26/7/14,57,55,53,57,55,54,100,96,93,29.96,29.91,29.87,10,8,1,15,5,24,0.57,8,Rain,216
27/7/14,61,58,55,55,54,53,100,92,78,30.1,30.05,29.97,10,9,2,13,5,,0.3,8,Rain,213
28/7/14,59,56,53,57,54,51,97,94,90,30.06,30,29.96,10,8,2,9,3,,0.61,8,Rain,261
29/7/14,61,56,51,54,52,49,96,89,75,30.13,30.02,29.95,10,9,3,14,4,,0.25,6,Rain,153
30/7/14,61,57,54,55,53,52,97,88,78,30.31,30.23,30.14,10,10,8,8,4,,0.08,7,Rain,160
31/7/14,66,58,50,55,52,49,100,86,65,30.31,30.29,30.26,10,9,3,10,4,,0,3,,217
1/8/14,69,60,51,56,53,49,93,79,63,30.27,30.21,30.15,10,10,10,10,4,,0,1,,298
2/8/14,66,58,52,55,53,51,97,86,68,30.15,30.11,30.09,10,9,0,9,4,,0,2,Fog,266
3/8/14,64,58,52,58,54,49,93,83,75,30.12,30.08,29.95,10,10,10,9,5,,0,7,,317
4/8/14,64,60,57,59,56,52,96,85,75,30.03,29.98,29.9,10,9,7,23,8,36,0.08,6,Rain,208
5/8/14,66,58,53,56,53,50,94,82,70,30.08,30.04,30.01,10,10,4,13,6,18,0.03,7,Rain,178
6/8/14,63,59,55,55,54,50,96,86,72,30.16,30.12,30.08,10,8,2,10,5,,0.43,7,Rain,135
7/8/14,63,56,50,53,51,48,93,80,67,30.09,29.98,29.93,10,10,10,10,4,,0,5,,329
8/8/14,64,58,55,55,53,51,93,84,70,30.01,29.99,29.95,10,9,3,12,4,16,0.2,8,Rain,133
9/8/14,61,59,57,57,54,50,97,81,69,29.93,29.83,29.78,10,7,3,17,10,25,1.24,8,Rain,125
10/8/14,62,60,57,61,59,56,100,95,86,29.98,29.85,29.77,10,4,1,16,8,22,3.8,8,Rain,148
11/8/14,64,62,59,62,59,58,100,96,90,29.99,29.91,29.83,10,6,1,16,5,28,0.5,8,Fog-Rain,290
12/8/14,64,60,57,59,57,54,100,91,75,30.01,29.93,29.84,10,8,2,21,12,29,0.04,8,Rain,209
13/8/14,60,58,55,58,56,53,97,92,84,30.01,29.98,29.94,10,7,2,9,4,,0.28,8,Rain,126
14/8/14,64,60,57,58,57,55,100,92,80,30.02,29.99,29.91,10,8,2,14,6,22,0.42,7,Rain,150
15/8/14,63,58,55,59,56,53,100,93,80,30.1,29.96,29.87,10,7,1,14,4,,1.2,7,Rain,210
16/8/14,63,58,52,55,53,50,96,85,75,30.16,30.13,30.08,10,10,7,16,7,21,0.06,5,Rain,141
17/8/14,62,58,55,59,55,51,97,89,81,30.07,29.97,29.88,10,5,1,24,12,38,2.26,8,Rain,153
18/8/14,63,58,55,56,55,53,97,91,75,30.03,30,29.98,10,8,2,14,6,,0.46,8,Rain,201
19/8/14,63,58,52,55,53,48,100,88,67,30.02,30.01,29.99,10,9,4,9,3,,0.09,7,Fog-Rain,276
20/8/14,66,56,48,54,51,46,97,83,61,30.02,29.98,29.97,10,10,10,8,2,,0,0,,165
21/8/14,70,60,50,57,54,49,100,82,61,30.19,30.11,30.03,10,10,10,16,4,,0,0,,280
22/8/14,64,60,55,55,54,53,94,85,67,30.23,30.21,30.17,10,10,10,10,7,,0,5,Rain,324
23/8/14,64,59,55,55,54,53,97,85,72,30.18,30.16,30.14,10,10,9,14,5,,0.01,6,Rain,328
24/8/14,57,56,55,56,55,53,100,94,87,30.16,30.01,29.87,10,8,2,15,5,,0.26,8,Rain,138
25/8/14,59,56,53,58,57,53,100,98,87,29.95,29.91,29.87,10,6,2,12,6,,0.22,8,Rain,176
26/8/14,57,55,53,55,53,50,100,94,84,30.01,29.96,29.91,10,8,1,17,7,23,0.73,8,Rain,142
27/8/14,62,56,51,54,52,50,100,93,75,30.12,30.07,30.01,10,10,6,7,5,,0.02,6,Rain,122
28/8/14,61,56,50,50,48,46,96,79,62,30.06,29.9,29.67,10,10,10,14,7,21,0,6,Rain,125
29/8/14,59,54,51,53,50,46,100,83,67,29.65,29.52,29.47,10,10,5,14,10,21,0.41,8,Rain,112
30/8/14,61,54,48,55,52,48,100,94,83,29.75,29.68,29.54,10,9,4,12,3,20,0.13,7,Rain,147
31/8/14,55,52,50,54,52,50,100,97,89,29.73,29.68,29.65,10,8,4,12,6,,0.55,8,Rain,97
1/9/14,57,54,48,54,52,48,100,94,77,29.95,29.77,29.67,10,8,2,9,4,,0.35,7,Rain,215
2/9/14,62,54,48,53,51,49,100,92,69,30.09,30.05,29.96,10,10,6,10,4,,0.01,6,Rain,112
3/9/14,57,54,52,55,53,50,100,95,83,30.18,30.14,30.08,10,9,2,13,4,,0.07,8,Rain,120
4/9/14,57,54,52,57,54,51,100,98,87,30.19,30.16,30.13,10,6,1,13,5,20,0.44,8,Rain,152
5/9/14,60,56,54,57,55,50,100,96,78,30.25,30.2,30.17,10,5,1,16,11,23,0.1,8,Rain,185
6/9/14,57,55,53,57,56,50,100,99,80,30.15,29.95,29.88,10,3,1,14,8,24,3.44,8,Rain,173
7/9/14,57,54,50,56,54,50,100,98,87,29.97,29.89,29.86,10,8,2,12,4,,0.19,8,Fog-Rain,274
8/9/14,57,50,46,53,50,46,100,96,83,30.13,30.05,29.99,10,8,0,8,2,,0,4,,152
9/9/14,57,52,46,53,50,46,100,93,77,30.25,30.21,30.14,10,10,10,6,2,,0,3,,86
10/9/14,63,56,50,53,48,43,94,77,48,30.24,30.21,30.19,10,9,3,13,5,,0.04,7,Rain,91
11/9/14,57,55,53,55,54,51,100,97,90,30.35,30.27,30.2,10,6,2,10,5,,0.28,8,Rain,223
12/9/14,59,55,53,54,52,51,100,90,81,30.35,30.31,30.22,10,10,8,7,2,,0.01,8,Rain,148
13/9/14,61,58,55,56,55,53,97,93,86,30.22,30.14,30.06,10,9,3,7,2,,0,7,,210
14/9/14,57,55,53,54,53,52,100,92,83,30.06,30,29.93,10,9,2,8,3,,0,8,Rain,154
15/9/14,61,56,53,57,54,51,100,93,81,29.95,29.91,29.87,10,10,6,8,4,,0.04,8,Rain,175
16/9/14,62,58,53,57,55,52,100,95,75,29.88,29.86,29.81,10,6,2,14,6,,0.13,7,Rain,317
17/9/14,57,52,48,51,49,46,100,88,72,29.82,29.7,29.51,10,10,10,8,2,,0,5,,74
18/9/14,60,58,55,54,50,45,89,76,62,29.48,29.25,29.11,10,8,2,28,16,45,0.76,8,Rain,139
19/9/14,59,56,53,54,52,49,100,88,75,29.87,29.6,29.28,10,7,2,28,17,40,0.84,8,Rain,173
20/9/14,61,56,51,56,52,47,100,90,72,29.78,29.68,29.48,10,8,3,22,8,30,0.29,8,Rain,185
21/9/14,64,58,52,55,51,48,100,84,58,29.64,29.41,29.23,10,8,2,34,12,50,0.78,8,Rain,147
22/9/14,57,52,46,51,49,46,97,89,72,29.87,29.77,29.64,10,10,4,15,8,21,0.91,7,Rain,115
23/9/14,62,54,46,49,48,46,100,87,62,29.87,29.72,29.51,10,10,10,8,3,,0,4,,336
24/9/14,62,55,48,48,44,41,89,67,46,29.65,29.54,29.46,10,10,10,7,3,,0,6,,29
25/9/14,57,55,53,53,51,45,97,89,62,29.82,29.75,29.66,10,9,3,14,4,21,0.47,8,Rain,329
26/9/14,62,57,52,53,52,49,100,86,64,29.83,29.81,29.78,10,10,10,13,5,,0,7,Rain,343
27/9/14,61,56,52,54,51,48,100,81,64,29.77,29.68,29.48,10,9,6,18,12,29,0.31,8,Rain,128
28/9/14,57,54,50,54,52,49,100,91,77,29.6,29.53,29.47,10,8,2,17,11,23,0.74,8,Rain,125
29/9/14,57,50,45,52,49,45,100,93,83,29.82,29.71,29.6,10,10,9,8,4,,0.03,6,Rain,132
30/9/14,54,49,44,50,45,38,100,84,59,30,29.87,29.76,10,9,2,29,8,36,0.45,8,Rain,237
1/10/14,54,46,37,48,37,24,100,74,32,30.26,30.08,29.82,10,10,5,29,6,36,0.11,4,Rain,23
2/10/14,55,46,39,45,34,26,76,62,41,30.22,29.87,29.49,10,10,7,29,11,41,0.14,6,Rain,103
3/10/14,57,54,52,54,52,44,100,90,69,29.66,29.48,29.43,10,6,2,32,19,50,1.37,8,Rain,170
4/10/14,55,52,50,53,49,43,100,91,66,30.01,29.85,29.67,10,8,2,20,11,24,0.17,7,Rain,181
5/10/14,55,52,48,52,46,36,96,78,59,29.92,29.7,29.47,10,9,2,26,15,40,0.23,7,Rain,184
6/10/14,48,46,42,43,41,39,97,88,71,30.08,30.04,29.94,10,10,5,13,7,,0.15,7,Rain,105
7/10/14,46,42,37,43,40,37,100,91,79,30.06,30,29.96,10,9,4,12,5,,0.16,7,Rain,68
8/10/14,48,42,35,41,38,35,100,87,61,30,29.92,29.75,10,10,10,9,4,,0.02,5,Rain,12
9/10/14,55,49,43,53,49,41,100,90,77,29.74,29.53,29.28,10,7,3,24,11,30,1.18,8,Rain,127
10/10/14,54,51,48,52,50,47,100,95,86,29.4,29.35,29.27,10,6,2,26,14,41,1.45,8,Rain,141
11/10/14,51,50,48,51,49,47,100,97,88,29.78,29.58,29.34,10,6,1,16,10,30,0.93,8,Rain-Thunderstorm,172
12/10/14,53,50,46,50,47,42,100,94,69,29.79,29.59,29.42,10,8,2,18,8,21,0.45,8,Rain,142
13/10/14,53,45,39,45,42,38,100,86,61,29.6,29.31,29.02,10,9,2,24,8,30,0.12,5,Rain,77
14/10/14,51,48,46,39,37,35,74,66,59,29.42,29.36,29.24,10,10,10,18,13,26,0,4,Rain,108
15/10/14,54,51,48,43,40,35,74,65,56,29.45,29.35,29.28,10,10,10,21,13,31,0,5,Rain,119
16/10/14,52,48,46,45,41,38,93,74,63,29.58,29.52,29.45,10,10,9,20,13,25,0.09,7,Rain,115
17/10/14,55,46,37,44,40,37,97,83,55,29.53,29.29,29.17,10,10,10,14,2,,0.06,4,Rain,58
18/10/14,52,48,44,47,44,41,100,88,69,29.34,29.25,29.15,10,9,3,17,8,23,0.42,8,Rain,113
19/10/14,51,48,45,47,45,44,100,92,80,29.24,29.08,28.93,10,8,2,14,9,,0.51,8,Rain,115
20/10/14,50,45,42,48,45,39,100,91,80,29.36,29.27,29.16,10,9,3,12,8,,0.27,7,Rain,116
21/10/14,52,48,46,42,40,36,79,71,59,29.32,29.09,28.99,10,10,10,21,12,31,0,6,Rain,113
22/10/14,50,44,39,43,41,38,100,83,66,29.38,29.25,28.99,10,9,5,23,15,34,0.25,6,Rain,110
23/10/14,48,44,39,43,39,37,96,80,66,29.75,29.54,29.34,10,10,10,13,6,,0,4,,84
24/10/14,46,41,36,42,39,35,97,90,76,29.83,29.8,29.77,10,10,9,9,3,,0.05,4,Rain,30
25/10/14,50,42,37,43,39,37,100,90,77,29.8,29.72,29.66,10,10,10,12,4,,0,1,,6
26/10/14,46,42,37,43,40,37,100,95,79,29.91,29.86,29.75,10,10,7,8,3,,0.16,6,Rain,98
27/10/14,50,44,37,42,38,33,100,85,57,29.9,29.75,29.52,10,10,9,15,5,,0.13,4,Rain,62
28/10/14,45,41,37,40,36,31,96,80,60,29.56,29.44,29.37,10,10,10,6,1,,0.01,7,Rain,66
29/10/14,50,45,42,40,38,36,92,74,66,29.74,29.66,29.52,10,10,10,16,10,,0.02,8,Rain,116
30/10/14,48,44,39,45,40,37,100,93,69,29.51,29.48,29.45,10,9,2,21,11,30,0.39,7,Rain,114
31/10/14,43,41,39,39,38,37,97,89,80,29.54,29.51,29.39,10,8,2,21,12,28,1.28,8,Rain,114
1/11/14,46,44,41,43,41,39,96,90,85,29.47,29.42,29.33,10,8,3,23,16,33,1.32,8,Rain,115
2/11/14,46,42,39,41,40,37,100,90,74,29.82,29.68,29.48,10,9,3,25,12,34,0.43,7,Rain,119
3/11/14,46,41,36,40,36,29,100,81,50,29.82,29.42,29.16,10,9,5,16,8,24,0.36,7,Rain,97
4/11/14,45,41,37,41,39,36,100,91,74,29.93,29.66,29.34,10,8,2,26,13,36,1,8,Rain-Thunderstorm,143
5/11/14,45,40,35,38,36,31,100,85,58,29.92,29.46,29.08,10,9,7,20,10,25,0.41,7,Rain,50
6/11/14,46,40,35,40,37,35,100,89,68,29.86,29.69,29.45,10,10,4,15,9,24,0.16,6,Rain,104
7/11/14,50,48,45,42,37,34,86,68,63,29.98,29.9,29.79,10,10,7,23,16,34,0.21,7,Rain,110
8/11/14,48,42,37,43,41,37,100,90,80,30.08,30,29.97,10,8,2,18,11,23,0.66,6,Rain,96
9/11/14,44,40,36,40,39,35,100,94,82,30.32,30.24,30.1,10,10,7,6,2,,0,4,Rain,85
10/11/14,44,40,35,42,39,34,100,96,89,30.35,30.33,30.31,10,10,10,9,4,,0.01,5,Rain,93
11/11/14,44,38,33,38,34,32,100,93,73,30.32,30.31,30.29,10,10,10,6,2,,0,0,,67
12/11/14,43,36,30,35,30,27,100,88,65,30.32,30.24,30.17,10,10,10,6,2,,0,0,,88
13/11/14,43,36,28,33,29,26,92,83,60,30.18,30.14,30.12,10,10,10,7,3,,0,0,,90
14/11/14,43,36,28,32,29,26,96,83,56,30.3,30.24,30.19,10,10,10,6,1,,0,1,,102
15/11/14,43,36,28,33,28,26,92,79,65,30.39,30.36,30.29,10,10,10,7,1,,0,0,,21
16/11/14,43,38,34,41,34,26,96,80,58,30.38,30.35,30.32,10,10,6,10,5,,0.05,7,Rain,348
17/11/14,45,41,37,43,42,38,100,98,89,30.34,30.23,29.94,10,6,1,10,5,,0.09,7,Rain,343
18/11/14,52,48,43,47,39,29,100,72,41,29.93,29.79,29.73,10,9,5,26,14,37,0.59,6,Rain,110
19/11/14,46,44,39,47,44,40,100,97,86,29.84,29.8,29.71,10,9,4,13,6,,0.3,8,Rain,329
20/11/14,44,39,34,41,38,34,100,98,89,29.7,29.54,29.26,10,7,0,8,3,,0.01,6,Fog-Rain,41
21/11/14,48,44,39,42,38,33,93,81,56,29.23,29.14,29,10,8,2,21,13,31,0.4,7,Rain,121
22/11/14,43,40,37,39,38,37,97,91,80,29.53,29.37,29.24,10,8,2,14,9,,0.88,7,Rain,103
23/11/14,42,40,37,39,38,36,100,94,82,29.78,29.68,29.54,10,9,2,15,6,,0.49,7,Rain,103
24/11/14,43,41,39,41,39,36,100,92,82,30.04,29.81,29.62,10,9,3,16,8,20,0.3,7,Rain,141
25/11/14,39,36,32,40,37,32,100,99,93,30.21,30.14,30.04,10,10,4,13,6,,0.2,6,Rain,89
26/11/14,39,34,28,35,31,24,100,95,73,30.21,30.08,29.91,10,10,2,7,3,,0,1,,65
27/11/14,36,32,28,20,9,3,54,38,32,30.05,29.93,29.89,10,10,10,25,12,40,0,0,,31
28/11/14,32,28,25,17,6,-5,66,42,24,30.21,30.15,30.07,10,10,10,10,3,,0,2,,74
29/11/14,36,32,28,36,30,17,100,86,59,30.12,30.1,30.05,10,8,2,10,3,,0.15,8,Rain-Snow,86
30/11/14,37,34,32,36,34,32,100,98,93,30.04,29.9,29.84,10,8,2,12,7,,1.05,7,Rain,91
1/12/14,36,33,30,35,32,30,100,96,81,30.01,29.95,29.86,10,9,2,10,3,,0.09,7,Rain-Snow,96
2/12/14,45,40,36,44,41,36,100,96,89,30.01,29.97,29.93,10,7,3,21,8,23,1.15,8,Rain,166
3/12/14,39,34,28,40,35,29,100,99,93,29.97,29.95,29.93,10,10,6,14,4,18,0.05,4,Rain,94
4/12/14,37,32,28,32,30,26,100,87,70,29.95,29.87,29.8,10,10,7,10,4,,0,1,,5
5/12/14,39,36,32,34,30,26,79,76,70,29.8,29.71,29.55,10,10,10,12,5,,0,5,,343
6/12/14,45,40,37,40,38,34,100,97,74,29.82,29.67,29.53,10,9,3,14,4,,0.33,8,Rain,13
7/12/14,50,48,45,39,37,35,74,64,59,29.81,29.56,29.33,10,10,10,25,19,39,0.03,6,Rain,117
8/12/14,52,48,44,42,39,36,86,67,57,29.31,29.05,28.88,10,10,6,25,19,39,0.26,7,Rain,120
9/12/14,45,43,41,43,41,39,100,95,81,29.11,28.88,28.74,10,9,5,15,8,,0.75,7,Rain,114
10/12/14,45,40,36,42,38,36,100,91,71,29.16,28.92,28.75,10,10,10,16,5,25,0,6,Rain,46
11/12/14,46,42,39,41,39,35,100,86,68,29.27,29.05,28.85,10,10,9,12,5,,0.04,6,Rain,52
12/12/14,42,40,37,41,39,37,100,98,89,29.83,29.52,29.28,10,8,4,12,4,,0.63,8,Rain,103
13/12/14,46,42,39,38,37,35,96,81,66,29.94,29.89,29.83,10,10,8,20,12,25,0.06,8,Rain,110
14/12/14,48,47,46,36,35,34,68,62,56,29.85,29.7,29.57,10,10,10,28,23,41,0.07,8,Rain,116
15/12/14,50,48,43,38,33,27,82,60,41,29.58,29.46,29.39,10,10,8,26,21,37,0.06,8,Rain,117
16/12/14,44,40,37,38,36,33,93,85,71,29.67,29.56,29.52,10,9,4,18,10,24,0.39,7,Rain,119
17/12/14,43,38,34,34,32,29,96,75,58,29.73,29.67,29.55,10,10,10,18,8,25,0,6,,81
18/12/14,45,43,41,33,30,27,67,60,55,29.52,29.31,29.19,10,10,10,21,14,30,0,7,Rain,112
19/12/14,46,44,42,35,33,30,74,65,60,29.26,29.16,29.01,10,10,10,21,15,31,0.01,6,Rain,117
20/12/14,46,44,41,39,36,33,93,72,59,29.13,28.95,28.81,10,10,7,21,15,30,0.07,8,Rain,117
21/12/14,42,40,37,40,38,37,100,94,85,29.79,29.44,29.14,10,10,9,10,6,,0.11,7,Rain,85
22/12/14,45,42,39,41,38,32,97,85,67,30.1,29.97,29.71,10,9,4,23,8,22,0.15,7,Rain,130